ID,Pred
2019_1101_1113,0.45810428261756897
2019_1101_1120,0.27038151025772095
2019_1101_1124,0.3710041642189026
2019_1101_1125,0.30567628145217896
2019_1101_1133,0.668192982673645
2019_1101_1138,0.22190359234809875
2019_1101_1153,0.10311947762966156
2019_1101_1159,0.45315608382225037
2019_1101_1181,0.09133853763341904
2019_1101_1192,0.6498960256576538
2019_1101_1196,0.6406407356262207
2019_1101_1199,0.2745193839073181
2019_1101_1205,0.6001994609832764
2019_1101_1209,0.47100353240966797
2019_1101_1211,0.06930088251829147
2019_1101_1222,0.04626035690307617
2019_1101_1233,0.7487504482269287
2019_1101_1234,0.27567654848098755
2019_1101_1235,0.3416024446487427
2019_1101_1242,0.3392430543899536
2019_1101_1243,0.387611985206604
2019_1101_1246,0.13213801383972168
2019_1101_1251,0.34622061252593994
2019_1101_1257,0.3297984302043915
2019_1101_1261,0.20933373272418976
2019_1101_1266,0.18827253580093384
2019_1101_1268,0.21673867106437683
2019_1101_1276,0.12449132651090622
2019_1101_1277,0.1766706258058548
2019_1101_1278,0.5095546841621399
2019_1101_1279,0.5176954865455627
2019_1101_1280,0.27180933952331543
2019_1101_1285,0.42487746477127075
2019_1101_1293,0.2700756788253784
2019_1101_1295,0.7478508353233337
2019_1101_1297,0.285264253616333
2019_1101_1300,0.7869251370429993
2019_1101_1305,0.19596002995967865
2019_1101_1308,0.26391154527664185
2019_1101_1314,0.1712542474269867
2019_1101_1318,0.4675787687301636
2019_1101_1326,0.5021795630455017
2019_1101_1328,0.6532443165779114
2019_1101_1330,0.3685675859451294
2019_1101_1332,0.3542255759239197
2019_1101_1341,0.6166940331459045
2019_1101_1345,0.3012068271636963
2019_1101_1371,0.5723656415939331
2019_1101_1385,0.4632791578769684
2019_1101_1387,0.3608381748199463
2019_1101_1388,0.3324671685695648
2019_1101_1393,0.32281196117401123
2019_1101_1396,0.48537132143974304
2019_1101_1397,0.16274382174015045
2019_1101_1403,0.21135112643241882
2019_1101_1414,0.31730926036834717
2019_1101_1416,0.2672317326068878
2019_1101_1429,0.27699151635169983
2019_1101_1433,0.31788456439971924
2019_1101_1436,0.21404507756233215
2019_1101_1437,0.38144922256469727
2019_1101_1438,0.15703678131103516
2019_1101_1439,0.31164130568504333
2019_1101_1449,0.3598601222038269
2019_1101_1458,0.36405688524246216
2019_1101_1459,0.29725584387779236
2019_1101_1463,0.4608951807022095
2019_1113_1120,0.32221028208732605
2019_1113_1124,0.5488882660865784
2019_1113_1125,0.2914664149284363
2019_1113_1133,0.6417571902275085
2019_1113_1138,0.2187103033065796
2019_1113_1153,0.20766471326351166
2019_1113_1159,0.4285246431827545
2019_1113_1181,0.13326559960842133
2019_1113_1192,0.6479290723800659
2019_1113_1196,0.6065654754638672
2019_1113_1199,0.29390788078308105
2019_1113_1205,0.7341700792312622
2019_1113_1209,0.4383135437965393
2019_1113_1211,0.1060432642698288
2019_1113_1222,0.13307693600654602
2019_1113_1233,0.7818883657455444
2019_1113_1234,0.4134073853492737
2019_1113_1235,0.34855151176452637
2019_1113_1242,0.3798382878303528
2019_1113_1243,0.3696179687976837
2019_1113_1246,0.225380077958107
2019_1113_1251,0.3325587511062622
2019_1113_1257,0.49841630458831787
2019_1113_1261,0.26924458146095276
2019_1113_1266,0.3487526774406433
2019_1113_1268,0.41051045060157776
2019_1113_1276,0.21234765648841858
2019_1113_1277,0.21344909071922302
2019_1113_1278,0.5514047741889954
2019_1113_1279,0.4972933232784271
2019_1113_1280,0.3818396031856537
2019_1113_1285,0.41533711552619934
2019_1113_1293,0.2618720829486847
2019_1113_1295,0.7712380886077881
2019_1113_1297,0.34687796235084534
2019_1113_1300,0.9224442839622498
2019_1113_1305,0.19470056891441345
2019_1113_1308,0.2526399493217468
2019_1113_1314,0.22956959903240204
2019_1113_1318,0.45196017622947693
2019_1113_1326,0.5816250443458557
2019_1113_1328,0.6280953288078308
2019_1113_1330,0.35505756735801697
2019_1113_1332,0.3820353150367737
2019_1113_1341,0.8526821732521057
2019_1113_1345,0.35973823070526123
2019_1113_1371,0.5462443828582764
2019_1113_1385,0.4963090717792511
2019_1113_1387,0.42690378427505493
2019_1113_1388,0.4208718240261078
2019_1113_1393,0.48613420128822327
2019_1113_1396,0.4487249255180359
2019_1113_1397,0.21186432242393494
2019_1113_1403,0.3024483025074005
2019_1113_1414,0.3100965917110443
2019_1113_1416,0.3782601058483124
2019_1113_1429,0.26477500796318054
2019_1113_1433,0.36179831624031067
2019_1113_1436,0.2677061855792999
2019_1113_1437,0.36126837134361267
2019_1113_1438,0.16972960531711578
2019_1113_1439,0.341996967792511
2019_1113_1449,0.3457128703594208
2019_1113_1458,0.37684932351112366
2019_1113_1459,0.2838899791240692
2019_1113_1463,0.42115217447280884
2019_1120_1124,0.7112942934036255
2019_1120_1125,0.4267876446247101
2019_1120_1133,0.7800720930099487
2019_1120_1138,0.351961612701416
2019_1120_1153,0.3439406454563141
2019_1120_1159,0.6181291937828064
2019_1120_1181,0.23883888125419617
2019_1120_1192,0.7759875655174255
2019_1120_1196,0.7642370462417603
2019_1120_1199,0.4355315566062927
2019_1120_1205,0.8841736316680908
2019_1120_1209,0.6498811841011047
2019_1120_1211,0.1983654499053955
2019_1120_1222,0.23428219556808472
2019_1120_1233,0.8985559344291687
2019_1120_1234,0.6009969115257263
2019_1120_1235,0.533986508846283
2019_1120_1242,0.5702938437461853
2019_1120_1243,0.5665023922920227
2019_1120_1246,0.35941725969314575
2019_1120_1251,0.48244258761405945
2019_1120_1257,0.6733866333961487
2019_1120_1261,0.41198140382766724
2019_1120_1266,0.5297998785972595
2019_1120_1268,0.5991984605789185
2019_1120_1276,0.34426969289779663
2019_1120_1277,0.34373724460601807
2019_1120_1278,0.722392201423645
2019_1120_1279,0.6948403716087341
2019_1120_1280,0.5795686841011047
2019_1120_1285,0.6445540189743042
2019_1120_1293,0.39909833669662476
2019_1120_1295,0.8792616128921509
2019_1120_1297,0.5211896300315857
2019_1120_1300,0.9710245132446289
2019_1120_1305,0.3209764361381531
2019_1120_1308,0.38634973764419556
2019_1120_1314,0.3635178208351135
2019_1120_1318,0.6613296270370483
2019_1120_1326,0.7360002994537354
2019_1120_1328,0.772305965423584
2019_1120_1330,0.5398162007331848
2019_1120_1332,0.5777633786201477
2019_1120_1341,0.9493195414543152
2019_1120_1345,0.5284723043441772
2019_1120_1371,0.72157883644104
2019_1120_1385,0.6810606718063354
2019_1120_1387,0.6271222233772278
2019_1120_1388,0.6104174852371216
2019_1120_1393,0.6720848083496094
2019_1120_1396,0.6487545371055603
2019_1120_1397,0.34026119112968445
2019_1120_1403,0.44867780804634094
2019_1120_1414,0.4627886414527893
2019_1120_1416,0.5704656839370728
2019_1120_1429,0.3997291624546051
2019_1120_1433,0.5468730926513672
2019_1120_1436,0.4075852036476135
2019_1120_1437,0.5408070087432861
2019_1120_1438,0.28883084654808044
2019_1120_1439,0.5070592761039734
2019_1120_1449,0.5114476084709167
2019_1120_1458,0.571624219417572
2019_1120_1459,0.42355841398239136
2019_1120_1463,0.6315751671791077
2019_1124_1125,0.2738650143146515
2019_1124_1133,0.6020100116729736
2019_1124_1138,0.24107593297958374
2019_1124_1153,0.182281494140625
2019_1124_1159,0.4074089229106903
2019_1124_1181,0.10599005222320557
2019_1124_1192,0.6070523262023926
2019_1124_1196,0.5717565417289734
2019_1124_1199,0.26478755474090576
2019_1124_1205,0.8299259543418884
2019_1124_1209,0.44705334305763245
2019_1124_1211,0.08163245767354965
2019_1124_1222,0.10929672420024872
2019_1124_1233,0.8595854043960571
2019_1124_1234,0.3734387457370758
2019_1124_1235,0.3223293125629425
2019_1124_1242,0.3552521765232086
2019_1124_1243,0.3724605441093445
2019_1124_1246,0.19948410987854004
2019_1124_1251,0.33387425541877747
2019_1124_1257,0.4454053044319153
2019_1124_1261,0.24019134044647217
2019_1124_1266,0.32177233695983887
2019_1124_1268,0.37227633595466614
2019_1124_1276,0.18735556304454803
2019_1124_1277,0.18876731395721436
2019_1124_1278,0.4814636707305908
2019_1124_1279,0.4427124857902527
2019_1124_1280,0.35183924436569214
2019_1124_1285,0.4980594515800476
2019_1124_1293,0.23872947692871094
2019_1124_1295,0.8501248955726624
2019_1124_1297,0.3211151361465454
2019_1124_1300,0.960779070854187
2019_1124_1305,0.17008720338344574
2019_1124_1308,0.23242799937725067
2019_1124_1314,0.20311716198921204
2019_1124_1318,0.4967256784439087
2019_1124_1326,0.5330356359481812
2019_1124_1328,0.6014320850372314
2019_1124_1330,0.33231908082962036
2019_1124_1332,0.35400477051734924
2019_1124_1341,0.9137586951255798
2019_1124_1345,0.3377377986907959
2019_1124_1371,0.4825677275657654
2019_1124_1385,0.4455685317516327
2019_1124_1387,0.3871535360813141
2019_1124_1388,0.38456088304519653
2019_1124_1393,0.43189525604248047
2019_1124_1396,0.41917720437049866
2019_1124_1397,0.1872582584619522
2019_1124_1403,0.27228105068206787
2019_1124_1414,0.3483552038669586
2019_1124_1416,0.35063406825065613
2019_1124_1429,0.2532446086406708
2019_1124_1433,0.3361416757106781
2019_1124_1436,0.239512637257576
2019_1124_1437,0.3402822017669678
2019_1124_1438,0.1379193812608719
2019_1124_1439,0.316077321767807
2019_1124_1449,0.3358609974384308
2019_1124_1458,0.3530616760253906
2019_1124_1459,0.27752286195755005
2019_1124_1463,0.40892475843429565
2019_1125_1133,0.8108005523681641
2019_1125_1138,0.3716643154621124
2019_1125_1153,0.3799000084400177
2019_1125_1159,0.6601318717002869
2019_1125_1181,0.2696482241153717
2019_1125_1192,0.8094990253448486
2019_1125_1196,0.7949340343475342
2019_1125_1199,0.4996318817138672
2019_1125_1205,0.7921683192253113
2019_1125_1209,0.6831440329551697
2019_1125_1211,0.22406461834907532
2019_1125_1222,0.24696916341781616
2019_1125_1233,0.8683931231498718
2019_1125_1234,0.6450532674789429
2019_1125_1235,0.5883431434631348
2019_1125_1242,0.6105455756187439
2019_1125_1243,0.5990358591079712
2019_1125_1246,0.3988476097583771
2019_1125_1251,0.540687084197998
2019_1125_1257,0.7124393582344055
2019_1125_1261,0.4725467264652252
2019_1125_1266,0.5709686875343323
2019_1125_1268,0.6286460757255554
2019_1125_1276,0.37824466824531555
2019_1125_1277,0.38009873032569885
2019_1125_1278,0.7583699822425842
2019_1125_1279,0.7313686013221741
2019_1125_1280,0.6292948126792908
2019_1125_1285,0.6575004458427429
2019_1125_1293,0.4505065679550171
2019_1125_1295,0.8651775121688843
2019_1125_1297,0.5724765062332153
2019_1125_1300,0.9366494417190552
2019_1125_1305,0.3515215516090393
2019_1125_1308,0.42919790744781494
2019_1125_1314,0.41246068477630615
2019_1125_1318,0.6788184642791748
2019_1125_1326,0.7729899883270264
2019_1125_1328,0.8005067706108093
2019_1125_1330,0.5903729200363159
2019_1125_1332,0.6291013360023499
2019_1125_1341,0.8954974412918091
2019_1125_1345,0.5755029916763306
2019_1125_1371,0.7549700140953064
2019_1125_1385,0.7175342440605164
2019_1125_1387,0.6709855198860168
2019_1125_1388,0.6579838395118713
2019_1125_1393,0.7112017869949341
2019_1125_1396,0.6891551613807678
2019_1125_1397,0.37451767921447754
2019_1125_1403,0.5108540058135986
2019_1125_1414,0.5078686475753784
2019_1125_1416,0.6120777130126953
2019_1125_1429,0.447033166885376
2019_1125_1433,0.5890330672264099
2019_1125_1436,0.4632192850112915
2019_1125_1437,0.5938012599945068
2019_1125_1438,0.3234904408454895
2019_1125_1439,0.568588376045227
2019_1125_1449,0.5714678168296814
2019_1125_1458,0.6263931393623352
2019_1125_1459,0.4701519310474396
2019_1125_1463,0.6725528836250305
2019_1133_1138,0.1334589570760727
2019_1133_1153,0.12562629580497742
2019_1133_1159,0.32708731293678284
2019_1133_1181,0.07000525295734406
2019_1133_1192,0.48996880650520325
2019_1133_1196,0.44768133759498596
2019_1133_1199,0.1969357281923294
2019_1133_1205,0.45415931940078735
2019_1133_1209,0.33079949021339417
2019_1133_1211,0.051284607499837875
2019_1133_1222,0.06189010664820671
2019_1133_1233,0.5874994993209839
2019_1133_1234,0.30257362127304077
2019_1133_1235,0.24849529564380646
2019_1133_1242,0.2829122245311737
2019_1133_1243,0.26550400257110596
2019_1133_1246,0.14305801689624786
2019_1133_1251,0.22680723667144775
2019_1133_1257,0.3621475100517273
2019_1133_1261,0.17647743225097656
2019_1133_1266,0.23980696499347687
2019_1133_1268,0.2822989821434021
2019_1133_1276,0.13147319853305817
2019_1133_1277,0.13444973528385162
2019_1133_1278,0.39020466804504395
2019_1133_1279,0.36215972900390625
2019_1133_1280,0.2776086628437042
2019_1133_1285,0.29718470573425293
2019_1133_1293,0.17258043587207794
2019_1133_1295,0.6055688261985779
2019_1133_1297,0.24698109924793243
2019_1133_1300,0.7454735636711121
2019_1133_1305,0.12043147534132004
2019_1133_1308,0.16646602749824524
2019_1133_1314,0.14793971180915833
2019_1133_1318,0.3350560963153839
2019_1133_1326,0.43238070607185364
2019_1133_1328,0.4659006595611572
2019_1133_1330,0.2535843253135681
2019_1133_1332,0.28199365735054016
2019_1133_1341,0.6164261698722839
2019_1133_1345,0.26083245873451233
2019_1133_1371,0.3885590732097626
2019_1133_1385,0.3653189539909363
2019_1133_1387,0.3186648190021515
2019_1133_1388,0.31305062770843506
2019_1133_1393,0.3493502140045166
2019_1133_1396,0.3388670086860657
2019_1133_1397,0.13481970131397247
2019_1133_1403,0.20178914070129395
2019_1133_1414,0.20134229958057404
2019_1133_1416,0.275395005941391
2019_1133_1429,0.17512069642543793
2019_1133_1433,0.2613600492477417
2019_1133_1436,0.17702649533748627
2019_1133_1437,0.26226237416267395
2019_1133_1438,0.09549946337938309
2019_1133_1439,0.2411954551935196
2019_1133_1449,0.24486203491687775
2019_1133_1458,0.274116188287735
2019_1133_1459,0.18892084062099457
2019_1133_1463,0.3170568645000458
2019_1138_1153,0.4272526800632477
2019_1138_1159,0.7480260133743286
2019_1138_1181,0.3416185975074768
2019_1138_1192,0.8693230152130127
2019_1138_1196,0.8580394983291626
2019_1138_1199,0.6164435148239136
2019_1138_1205,0.8413991928100586
2019_1138_1209,0.7642706036567688
2019_1138_1211,0.2782321274280548
2019_1138_1222,0.22616469860076904
2019_1138_1233,0.9152679443359375
2019_1138_1234,0.7068834900856018
2019_1138_1235,0.7014533877372742
2019_1138_1242,0.7106174826622009
2019_1138_1243,0.7039918899536133
2019_1138_1246,0.48243001103401184
2019_1138_1251,0.650811493396759
2019_1138_1257,0.7529275417327881
2019_1138_1261,0.5885743498802185
2019_1138_1266,0.5847568511962891
2019_1138_1268,0.6496136784553528
2019_1138_1276,0.448170006275177
2019_1138_1277,0.5012261271476746
2019_1138_1278,0.8295221924781799
2019_1138_1279,0.809461236000061
2019_1138_1280,0.707109272480011
2019_1138_1285,0.7408537268638611
2019_1138_1293,0.575947642326355
2019_1138_1295,0.9124040603637695
2019_1138_1297,0.6750097274780273
2019_1138_1300,0.9471179842948914
2019_1138_1305,0.4409993290901184
2019_1138_1308,0.5672140121459961
2019_1138_1314,0.5463010668754578
2019_1138_1318,0.7595923542976379
2019_1138_1326,0.8356485962867737
2019_1138_1328,0.8622187972068787
2019_1138_1330,0.7007445096969604
2019_1138_1332,0.7288357615470886
2019_1138_1341,0.8858975172042847
2019_1138_1345,0.6790632605552673
2019_1138_1371,0.8274792432785034
2019_1138_1385,0.7978119254112244
2019_1138_1387,0.756862461566925
2019_1138_1388,0.7432865500450134
2019_1138_1393,0.7477105259895325
2019_1138_1396,0.7713884115219116
2019_1138_1397,0.48431196808815
2019_1138_1403,0.6006762385368347
2019_1138_1414,0.6329882144927979
2019_1138_1416,0.6951500773429871
2019_1138_1429,0.5737323760986328
2019_1138_1433,0.6950767040252686
2019_1138_1436,0.5796574354171753
2019_1138_1437,0.7002134919166565
2019_1138_1438,0.40237656235694885
2019_1138_1439,0.6719387173652649
2019_1138_1449,0.6806151866912842
2019_1138_1458,0.7299126982688904
2019_1138_1459,0.5943600535392761
2019_1138_1463,0.7585575580596924
2019_1153_1159,0.7689177393913269
2019_1153_1181,0.3444317877292633
2019_1153_1192,0.8822004199028015
2019_1153_1196,0.8766295909881592
2019_1153_1199,0.6061970591545105
2019_1153_1205,0.96734219789505
2019_1153_1209,0.7991304397583008
2019_1153_1211,0.28735485672950745
2019_1153_1222,0.3399912118911743
2019_1153_1233,0.9733187556266785
2019_1153_1234,0.7532532811164856
2019_1153_1235,0.6941500902175903
2019_1153_1242,0.7258965373039246
2019_1153_1243,0.7265965342521667
2019_1153_1246,0.5000181794166565
2019_1153_1251,0.6753473281860352
2019_1153_1257,0.801039457321167
2019_1153_1261,0.575675904750824
2019_1153_1266,0.6892293691635132
2019_1153_1268,0.7487746477127075
2019_1153_1276,0.46201035380363464
2019_1153_1277,0.46739891171455383
2019_1153_1278,0.8390040993690491
2019_1153_1279,0.8156154155731201
2019_1153_1280,0.7316740155220032
2019_1153_1285,0.8411450982093811
2019_1153_1293,0.5731906294822693
2019_1153_1295,0.9666450023651123
2019_1153_1297,0.683188259601593
2019_1153_1300,0.9931150078773499
2019_1153_1305,0.4271458089351654
2019_1153_1308,0.566074788570404
2019_1153_1314,0.5184116959571838
2019_1153_1318,0.8300787210464478
2019_1153_1326,0.8454323410987854
2019_1153_1328,0.8847864270210266
2019_1153_1330,0.7045288681983948
2019_1153_1332,0.7313041687011719
2019_1153_1341,0.9865930676460266
2019_1153_1345,0.696465015411377
2019_1153_1371,0.8376149535179138
2019_1153_1385,0.8032680749893188
2019_1153_1387,0.7698745727539062
2019_1153_1388,0.7556950449943542
2019_1153_1393,0.8008580207824707
2019_1153_1396,0.7906777858734131
2019_1153_1397,0.45744431018829346
2019_1153_1403,0.6108627915382385
2019_1153_1414,0.6979724168777466
2019_1153_1416,0.7204800248146057
2019_1153_1429,0.5807139277458191
2019_1153_1433,0.7028763294219971
2019_1153_1436,0.5714399218559265
2019_1153_1437,0.7076841592788696
2019_1153_1438,0.3967210650444031
2019_1153_1439,0.6748348474502563
2019_1153_1449,0.6954158544540405
2019_1153_1458,0.7324784994125366
2019_1153_1459,0.608616292476654
2019_1153_1463,0.7787374258041382
2019_1159_1181,0.17015643417835236
2019_1159_1192,0.6773664355278015
2019_1159_1196,0.6550261974334717
2019_1159_1199,0.34632548689842224
2019_1159_1205,0.7407878637313843
2019_1159_1209,0.496438205242157
2019_1159_1211,0.13637469708919525
2019_1159_1222,0.1534746140241623
2019_1159_1233,0.7777153253555298
2019_1159_1234,0.4637891352176666
2019_1159_1235,0.4031763970851898
2019_1159_1242,0.44045108556747437
2019_1159_1243,0.4211943447589874
2019_1159_1246,0.27605384588241577
2019_1159_1251,0.3809278905391693
2019_1159_1257,0.5431610345840454
2019_1159_1261,0.3253842890262604
2019_1159_1266,0.39440980553627014
2019_1159_1268,0.4413648545742035
2019_1159_1276,0.26068252325057983
2019_1159_1277,0.26422229409217834
2019_1159_1278,0.5961526036262512
2019_1159_1279,0.5683913230895996
2019_1159_1280,0.44723570346832275
2019_1159_1285,0.4699847996234894
2019_1159_1293,0.31926923990249634
2019_1159_1295,0.767401933670044
2019_1159_1297,0.400637686252594
2019_1159_1300,0.9175066351890564
2019_1159_1305,0.2422526627779007
2019_1159_1308,0.3088332712650299
2019_1159_1314,0.2822039723396301
2019_1159_1318,0.5031040906906128
2019_1159_1326,0.6134679317474365
2019_1159_1328,0.6668254137039185
2019_1159_1330,0.40977805852890015
2019_1159_1332,0.4482223093509674
2019_1159_1341,0.8678572773933411
2019_1159_1345,0.4131951630115509
2019_1159_1371,0.5942862033843994
2019_1159_1385,0.5526601672172546
2019_1159_1387,0.48658323287963867
2019_1159_1388,0.47870081663131714
2019_1159_1393,0.5415266752243042
2019_1159_1396,0.5092308521270752
2019_1159_1397,0.2619054317474365
2019_1159_1403,0.3553646504878998
2019_1159_1414,0.35513344407081604
2019_1159_1416,0.43647366762161255
2019_1159_1429,0.32040831446647644
2019_1159_1433,0.41731998324394226
2019_1159_1436,0.3262386620044708
2019_1159_1437,0.4160568416118622
2019_1159_1438,0.21267887949943542
2019_1159_1439,0.3958169221878052
2019_1159_1449,0.39829760789871216
2019_1159_1458,0.4389904737472534
2019_1159_1459,0.33863234519958496
2019_1159_1463,0.4879322052001953
2019_1181_1192,0.9365159273147583
2019_1181_1196,0.9322313070297241
2019_1181_1199,0.7384462356567383
2019_1181_1205,0.9711134433746338
2019_1181_1209,0.8643544316291809
2019_1181_1211,0.38761699199676514
2019_1181_1222,0.4792649447917938
2019_1181_1233,0.9777361154556274
2019_1181_1234,0.837909996509552
2019_1181_1235,0.8014035820960999
2019_1181_1242,0.812174379825592
2019_1181_1243,0.8122169375419617
2019_1181_1246,0.6549895405769348
2019_1181_1251,0.7730838656425476
2019_1181_1257,0.8739372491836548
2019_1181_1261,0.7216440439224243
2019_1181_1266,0.7940834164619446
2019_1181_1268,0.8403082489967346
2019_1181_1276,0.621529221534729
2019_1181_1277,0.6303666234016418
2019_1181_1278,0.9064342975616455
2019_1181_1279,0.885362446308136
2019_1181_1280,0.8273301124572754
2019_1181_1285,0.8725645542144775
2019_1181_1293,0.7123454213142395
2019_1181_1295,0.9740240573883057
2019_1181_1297,0.7890948057174683
2019_1181_1300,0.9939427971839905
2019_1181_1305,0.5782904028892517
2019_1181_1308,0.6940704584121704
2019_1181_1314,0.6719808578491211
2019_1181_1318,0.8673868179321289
2019_1181_1326,0.9093579649925232
2019_1181_1328,0.9371380805969238
2019_1181_1330,0.8023644685745239
2019_1181_1332,0.8247551918029785
2019_1181_1341,0.9886326193809509
2019_1181_1345,0.7907183170318604
2019_1181_1371,0.9029055237770081
2019_1181_1385,0.8744703531265259
2019_1181_1387,0.8467568755149841
2019_1181_1388,0.8422423005104065
2019_1181_1393,0.8762615919113159
2019_1181_1396,0.8598141074180603
2019_1181_1397,0.6191641688346863
2019_1181_1403,0.7407670021057129
2019_1181_1414,0.7704396843910217
2019_1181_1416,0.817502498626709
2019_1181_1429,0.7155727744102478
2019_1181_1433,0.8002067804336548
2019_1181_1436,0.71499103307724
2019_1181_1437,0.8044699430465698
2019_1181_1438,0.5566538572311401
2019_1181_1439,0.7796270847320557
2019_1181_1449,0.7909217476844788
2019_1181_1458,0.8270268440246582
2019_1181_1459,0.7334827184677124
2019_1181_1463,0.855763852596283
2019_1192_1196,0.4394407272338867
2019_1192_1199,0.19994917511940002
2019_1192_1205,0.5892183184623718
2019_1192_1209,0.3326021432876587
2019_1192_1211,0.05246449634432793
2019_1192_1222,0.06939905881881714
2019_1192_1233,0.6335410475730896
2019_1192_1234,0.30698782205581665
2019_1192_1235,0.25116753578186035
2019_1192_1242,0.2869882881641388
2019_1192_1243,0.2700125277042389
2019_1192_1246,0.14614252746105194
2019_1192_1251,0.23067180812358856
2019_1192_1257,0.36416876316070557
2019_1192_1261,0.18000155687332153
2019_1192_1266,0.24937167763710022
2019_1192_1268,0.30131450295448303
2019_1192_1276,0.13427841663360596
2019_1192_1277,0.13588015735149384
2019_1192_1278,0.38565900921821594
2019_1192_1279,0.36089637875556946
2019_1192_1280,0.2820594608783722
2019_1192_1285,0.3122072219848633
2019_1192_1293,0.17521151900291443
2019_1192_1295,0.6352602243423462
2019_1192_1297,0.25041067600250244
2019_1192_1300,0.8419089913368225
2019_1192_1305,0.12135928869247437
2019_1192_1308,0.16902244091033936
2019_1192_1314,0.15066862106323242
2019_1192_1318,0.3399236798286438
2019_1192_1326,0.4259721040725708
2019_1192_1328,0.4574517607688904
2019_1192_1330,0.25710809230804443
2019_1192_1332,0.28546997904777527
2019_1192_1341,0.7270491123199463
2019_1192_1345,0.26458093523979187
2019_1192_1371,0.38578513264656067
2019_1192_1385,0.36617302894592285
2019_1192_1387,0.3215470016002655
2019_1192_1388,0.317970335483551
2019_1192_1393,0.34950101375579834
2019_1192_1396,0.34074699878692627
2019_1192_1397,0.13686133921146393
2019_1192_1403,0.20619003474712372
2019_1192_1414,0.20549379289150238
2019_1192_1416,0.2797824442386627
2019_1192_1429,0.177848219871521
2019_1192_1433,0.26512134075164795
2019_1192_1436,0.17981284856796265
2019_1192_1437,0.2665647566318512
2019_1192_1438,0.09574426710605621
2019_1192_1439,0.24418126046657562
2019_1192_1449,0.24854633212089539
2019_1192_1458,0.27774596214294434
2019_1192_1459,0.19206607341766357
2019_1192_1463,0.3212791383266449
2019_1196_1199,0.21342957019805908
2019_1196_1205,0.48358938097953796
2019_1196_1209,0.34830594062805176
2019_1196_1211,0.05886075273156166
2019_1196_1222,0.06986097246408463
2019_1196_1233,0.6223828792572021
2019_1196_1234,0.32261380553245544
2019_1196_1235,0.2677968740463257
2019_1196_1242,0.30319684743881226
2019_1196_1243,0.28531280159950256
2019_1196_1246,0.15551306307315826
2019_1196_1251,0.24466785788536072
2019_1196_1257,0.3832167685031891
2019_1196_1261,0.19152185320854187
2019_1196_1266,0.2561021149158478
2019_1196_1268,0.29824039340019226
2019_1196_1276,0.1449141651391983
2019_1196_1277,0.14843803644180298
2019_1196_1278,0.41891995072364807
2019_1196_1279,0.3830568492412567
2019_1196_1280,0.29838764667510986
2019_1196_1285,0.31820210814476013
2019_1196_1293,0.18746069073677063
2019_1196_1295,0.6361793875694275
2019_1196_1297,0.2655523717403412
2019_1196_1300,0.7750903367996216
2019_1196_1305,0.13316065073013306
2019_1196_1308,0.18100716173648834
2019_1196_1314,0.16090168058872223
2019_1196_1318,0.35250207781791687
2019_1196_1326,0.45918214321136475
2019_1196_1328,0.4933954179286957
2019_1196_1330,0.272859126329422
2019_1196_1332,0.3026287257671356
2019_1196_1341,0.6474097967147827
2019_1196_1345,0.28046345710754395
2019_1196_1371,0.4165266156196594
2019_1196_1385,0.38678300380706787
2019_1196_1387,0.33766499161720276
2019_1196_1388,0.3344196379184723
2019_1196_1393,0.36984771490097046
2019_1196_1396,0.3564092218875885
2019_1196_1397,0.14738686382770538
2019_1196_1403,0.21851001679897308
2019_1196_1414,0.2182113528251648
2019_1196_1416,0.2956579923629761
2019_1196_1429,0.1903729885816574
2019_1196_1433,0.2810211777687073
2019_1196_1436,0.19224461913108826
2019_1196_1437,0.2817893922328949
2019_1196_1438,0.10733673721551895
2019_1196_1439,0.25979509949684143
2019_1196_1449,0.26429423689842224
2019_1196_1458,0.2947084605693817
2019_1196_1459,0.20515550673007965
2019_1196_1463,0.33717405796051025
2019_1199_1205,0.8709618449211121
2019_1199_1209,0.684746503829956
2019_1199_1211,0.21486671268939972
2019_1199_1222,0.25297921895980835
2019_1199_1233,0.8920741081237793
2019_1199_1234,0.644378662109375
2019_1199_1235,0.5719661712646484
2019_1199_1242,0.6068899035453796
2019_1199_1243,0.5898104310035706
2019_1199_1246,0.3829820454120636
2019_1199_1251,0.521468460559845
2019_1199_1257,0.71002596616745
2019_1199_1261,0.4482402801513672
2019_1199_1266,0.5710623264312744
2019_1199_1268,0.6426713466644287
2019_1199_1276,0.3652581572532654
2019_1199_1277,0.3658309280872345
2019_1199_1278,0.7544885277748108
2019_1199_1279,0.7278779149055481
2019_1199_1280,0.6240860223770142
2019_1199_1285,0.6589662432670593
2019_1199_1293,0.4302090108394623
2019_1199_1295,0.8785120248794556
2019_1199_1297,0.5691353678703308
2019_1199_1300,0.9674015641212463
2019_1199_1305,0.3403673768043518
2019_1199_1308,0.40979957580566406
2019_1199_1314,0.3925112783908844
2019_1199_1318,0.689536452293396
2019_1199_1326,0.7696918249130249
2019_1199_1328,0.7986250519752502
2019_1199_1330,0.5737422108650208
2019_1199_1332,0.6196274161338806
2019_1199_1341,0.9432995319366455
2019_1199_1345,0.5704615712165833
2019_1199_1371,0.7516387104988098
2019_1199_1385,0.7155612707138062
2019_1199_1387,0.668940007686615
2019_1199_1388,0.6540018320083618
2019_1199_1393,0.7085420489311218
2019_1199_1396,0.6880307197570801
2019_1199_1397,0.3608952760696411
2019_1199_1403,0.4896605312824249
2019_1199_1414,0.4978863000869751
2019_1199_1416,0.6070539355278015
2019_1199_1429,0.4266830384731293
2019_1199_1433,0.5801159143447876
2019_1199_1436,0.4419880211353302
2019_1199_1437,0.575213611125946
2019_1199_1438,0.3096211552619934
2019_1199_1439,0.558077335357666
2019_1199_1449,0.5664724707603455
2019_1199_1458,0.6116766333580017
2019_1199_1459,0.4529556632041931
2019_1199_1463,0.6705265045166016
2019_1205_1209,0.3565918505191803
2019_1205_1211,0.025765202939510345
2019_1205_1222,0.017009172588586807
2019_1205_1233,0.6245248913764954
2019_1205_1234,0.12724310159683228
2019_1205_1235,0.18049047887325287
2019_1205_1242,0.17936092615127563
2019_1205_1243,0.3013160824775696
2019_1205_1246,0.05547554790973663
2019_1205_1251,0.2616392970085144
2019_1205_1257,0.1531694084405899
2019_1205_1261,0.09868017584085464
2019_1205_1266,0.08159559220075607
2019_1205_1268,0.09224901348352432
2019_1205_1276,0.05145538970828056
2019_1205_1277,0.07934200018644333
2019_1205_1278,0.25846174359321594
2019_1205_1279,0.27137842774391174
2019_1205_1280,0.12868338823318481
2019_1205_1285,0.34330686926841736
2019_1205_1293,0.15982972085475922
2019_1205_1295,0.625765323638916
2019_1205_1297,0.14286206662654877
2019_1205_1300,0.6796558499336243
2019_1205_1305,0.10396111756563187
2019_1205_1308,0.17433705925941467
2019_1205_1314,0.07829738408327103
2019_1205_1318,0.3705776631832123
2019_1205_1326,0.24635590612888336
2019_1205_1328,0.4803113341331482
2019_1205_1330,0.20513564348220825
2019_1205_1332,0.18624655902385712
2019_1205_1341,0.4771918058395386
2019_1205_1345,0.15666340291500092
2019_1205_1371,0.33433797955513
2019_1205_1385,0.23822233080863953
2019_1205_1387,0.1829957365989685
2019_1205_1388,0.16578203439712524
2019_1205_1393,0.14555050432682037
2019_1205_1396,0.34906190633773804
2019_1205_1397,0.07272965461015701
2019_1205_1403,0.09969282150268555
2019_1205_1414,0.24300415813922882
2019_1205_1416,0.12611453235149384
2019_1205_1429,0.19255571067333221
2019_1205_1433,0.16355925798416138
2019_1205_1436,0.10194369405508041
2019_1205_1437,0.2686515748500824
2019_1205_1438,0.06542421877384186
2019_1205_1439,0.16199736297130585
2019_1205_1449,0.21702682971954346
2019_1205_1458,0.1952206939458847
2019_1205_1459,0.22180645167827606
2019_1205_1463,0.32360580563545227
2019_1209_1211,0.12354183197021484
2019_1209_1222,0.11003206670284271
2019_1209_1233,0.7522687911987305
2019_1209_1234,0.4369462728500366
2019_1209_1235,0.3888854384422302
2019_1209_1242,0.4228461682796478
2019_1209_1243,0.40579885244369507
2019_1209_1246,0.24680140614509583
2019_1209_1251,0.3648574948310852
2019_1209_1257,0.49853166937828064
2019_1209_1261,0.30581560730934143
2019_1209_1266,0.32636746764183044
2019_1209_1268,0.36648112535476685
2019_1209_1276,0.23638659715652466
2019_1209_1277,0.24471025168895721
2019_1209_1278,0.5824167728424072
2019_1209_1279,0.559461236000061
2019_1209_1280,0.4265032112598419
2019_1209_1285,0.441916823387146
2019_1209_1293,0.30026909708976746
2019_1209_1295,0.7471656203269958
2019_1209_1297,0.3817940354347229
2019_1209_1300,0.8505471348762512
2019_1209_1305,0.22549182176589966
2019_1209_1308,0.2899744510650635
2019_1209_1314,0.261872261762619
2019_1209_1318,0.48293256759643555
2019_1209_1326,0.5977036356925964
2019_1209_1328,0.6556955575942993
2019_1209_1330,0.39527857303619385
2019_1209_1332,0.43224653601646423
2019_1209_1341,0.7672109603881836
2019_1209_1345,0.3948272466659546
2019_1209_1371,0.5811265110969543
2019_1209_1385,0.5377048850059509
2019_1209_1387,0.47213518619537354
2019_1209_1388,0.46341362595558167
2019_1209_1393,0.4910483658313751
2019_1209_1396,0.49239665269851685
2019_1209_1397,0.24192041158676147
2019_1209_1403,0.3360111117362976
2019_1209_1414,0.3389786183834076
2019_1209_1416,0.4162289500236511
2019_1209_1429,0.3028290867805481
2019_1209_1433,0.4007854759693146
2019_1209_1436,0.3054271936416626
2019_1209_1437,0.3993263840675354
2019_1209_1438,0.1967954933643341
2019_1209_1439,0.37876322865486145
2019_1209_1449,0.3826989531517029
2019_1209_1458,0.42470884323120117
2019_1209_1459,0.32307806611061096
2019_1209_1463,0.47446370124816895
2019_1211_1222,0.5714854598045349
2019_1211_1233,0.9846047759056091
2019_1211_1234,0.870351254940033
2019_1211_1235,0.8408387899398804
2019_1211_1242,0.847619354724884
2019_1211_1243,0.8583215475082397
2019_1211_1246,0.7249717712402344
2019_1211_1251,0.8177383542060852
2019_1211_1257,0.9037496447563171
2019_1211_1261,0.7811101078987122
2019_1211_1266,0.8320993185043335
2019_1211_1268,0.8759912848472595
2019_1211_1276,0.6984822750091553
2019_1211_1277,0.7118867039680481
2019_1211_1278,0.9325820207595825
2019_1211_1279,0.9155076742172241
2019_1211_1280,0.8630113005638123
2019_1211_1285,0.9075572490692139
2019_1211_1293,0.771976113319397
2019_1211_1295,0.9820547699928284
2019_1211_1297,0.8277724385261536
2019_1211_1300,0.9957612156867981
2019_1211_1305,0.6759794354438782
2019_1211_1308,0.7535172700881958
2019_1211_1314,0.7490105628967285
2019_1211_1318,0.9018531441688538
2019_1211_1326,0.9344633221626282
2019_1211_1328,0.9556194543838501
2019_1211_1330,0.8434446454048157
2019_1211_1332,0.8605337142944336
2019_1211_1341,0.9920378923416138
2019_1211_1345,0.8295704126358032
2019_1211_1371,0.9297109246253967
2019_1211_1385,0.9045104384422302
2019_1211_1387,0.8816691637039185
2019_1211_1388,0.877750039100647
2019_1211_1393,0.9058759808540344
2019_1211_1396,0.8947569727897644
2019_1211_1397,0.701884388923645
2019_1211_1403,0.7917446494102478
2019_1211_1414,0.832103431224823
2019_1211_1416,0.8534992337226868
2019_1211_1429,0.7779210209846497
2019_1211_1433,0.8374139070510864
2019_1211_1436,0.7712517380714417
2019_1211_1437,0.8424769639968872
2019_1211_1438,0.6359232664108276
2019_1211_1439,0.8223384022712708
2019_1211_1449,0.8311083912849426
2019_1211_1458,0.8699192404747009
2019_1211_1459,0.786907434463501
2019_1211_1463,0.8937098979949951
2019_1222_1233,0.9904279708862305
2019_1222_1234,0.8406126499176025
2019_1222_1235,0.8058211803436279
2019_1222_1242,0.8264337778091431
2019_1222_1243,0.8604409098625183
2019_1222_1246,0.6599754691123962
2019_1222_1251,0.8248287439346313
2019_1222_1257,0.8740161061286926
2019_1222_1261,0.7320577502250671
2019_1222_1266,0.7947145104408264
2019_1222_1268,0.8380833268165588
2019_1222_1276,0.6298339366912842
2019_1222_1277,0.6497522592544556
2019_1222_1278,0.9168776273727417
2019_1222_1279,0.8939763307571411
2019_1222_1280,0.8291418552398682
2019_1222_1285,0.9369466304779053
2019_1222_1293,0.7351815700531006
2019_1222_1295,0.9879778623580933
2019_1222_1297,0.7949200868606567
2019_1222_1300,0.9975528120994568
2019_1222_1305,0.6113761067390442
2019_1222_1308,0.7165380716323853
2019_1222_1314,0.6782949566841125
2019_1222_1318,0.9268420934677124
2019_1222_1326,0.9112507700920105
2019_1222_1328,0.9494081735610962
2019_1222_1330,0.8149569034576416
2019_1222_1332,0.8287215828895569
2019_1222_1341,0.9953822493553162
2019_1222_1345,0.804779589176178
2019_1222_1371,0.9147444367408752
2019_1222_1385,0.8791957497596741
2019_1222_1387,0.8595058917999268
2019_1222_1388,0.8483472466468811
2019_1222_1393,0.8741458058357239
2019_1222_1396,0.8820822238922119
2019_1222_1397,0.635931134223938
2019_1222_1403,0.7486573457717896
2019_1222_1414,0.8636137247085571
2019_1222_1416,0.8185890913009644
2019_1222_1429,0.7553579211235046
2019_1222_1433,0.809218168258667
2019_1222_1436,0.7212919592857361
2019_1222_1437,0.8182163834571838
2019_1222_1438,0.5709521770477295
2019_1222_1439,0.7870321869850159
2019_1222_1449,0.8312917351722717
2019_1222_1458,0.8358615636825562
2019_1222_1459,0.7745043635368347
2019_1222_1463,0.8853896260261536
2019_1233_1234,0.11028922349214554
2019_1233_1235,0.1528739035129547
2019_1233_1242,0.15531836450099945
2019_1233_1243,0.19791020452976227
2019_1233_1246,0.04259004071354866
2019_1233_1251,0.16627661883831024
2019_1233_1257,0.1352989226579666
2019_1233_1261,0.07899396121501923
2019_1233_1266,0.0694042444229126
2019_1233_1268,0.07875681668519974
2019_1233_1276,0.038678161799907684
2019_1233_1277,0.06028567627072334
2019_1233_1278,0.22589890658855438
2019_1233_1279,0.23944216966629028
2019_1233_1280,0.10860763490200043
2019_1233_1285,0.22749271988868713
2019_1233_1293,0.11577975004911423
2019_1233_1295,0.4833117127418518
2019_1233_1297,0.12146802246570587
2019_1233_1300,0.5421129465103149
2019_1233_1305,0.07164471596479416
2019_1233_1308,0.11430613696575165
2019_1233_1314,0.06183871626853943
2019_1233_1318,0.2624422311782837
2019_1233_1326,0.21891823410987854
2019_1233_1328,0.36960333585739136
2019_1233_1330,0.17369037866592407
2019_1233_1332,0.1582234799861908
2019_1233_1341,0.36367106437683105
2019_1233_1345,0.1338033676147461
2019_1233_1371,0.29827427864074707
2019_1233_1385,0.21367110311985016
2019_1233_1387,0.1567007601261139
2019_1233_1388,0.1429731398820877
2019_1233_1393,0.12365145236253738
2019_1233_1396,0.2632354199886322
2019_1233_1397,0.05573919415473938
2019_1233_1403,0.0806567594408989
2019_1233_1414,0.14698854088783264
2019_1233_1416,0.10837653279304504
2019_1233_1429,0.12295413762331009
2019_1233_1433,0.13937056064605713
2019_1233_1436,0.08101651072502136
2019_1233_1437,0.19446349143981934
2019_1233_1438,0.04606293514370918
2019_1233_1439,0.13699057698249817
2019_1233_1449,0.17315275967121124
2019_1233_1458,0.16434644162654877
2019_1233_1459,0.1341797113418579
2019_1233_1463,0.2411981076002121
2019_1234_1235,0.40120846033096313
2019_1234_1242,0.44185540080070496
2019_1234_1243,0.44424256682395935
2019_1234_1246,0.27791061997413635
2019_1234_1251,0.4030391275882721
2019_1234_1257,0.5695236325263977
2019_1234_1261,0.32404381036758423
2019_1234_1266,0.40508919954299927
2019_1234_1268,0.4732074439525604
2019_1234_1276,0.26237353682518005
2019_1234_1277,0.26417315006256104
2019_1234_1278,0.6172922849655151
2019_1234_1279,0.5737583637237549
2019_1234_1280,0.44813916087150574
2019_1234_1285,0.6081032752990723
2019_1234_1293,0.323202908039093
2019_1234_1295,0.8805418610572815
2019_1234_1297,0.39898157119750977
2019_1234_1300,0.9708092212677002
2019_1234_1305,0.24269936978816986
2019_1234_1308,0.31588199734687805
2019_1234_1314,0.28226691484451294
2019_1234_1318,0.6067541241645813
2019_1234_1326,0.6468906998634338
2019_1234_1328,0.7088589072227478
2019_1234_1330,0.4111657738685608
2019_1234_1332,0.4450717270374298
2019_1234_1341,0.9420799612998962
2019_1234_1345,0.41651973128318787
2019_1234_1371,0.6209092140197754
2019_1234_1385,0.5710166692733765
2019_1234_1387,0.49215981364250183
2019_1234_1388,0.4839809238910675
2019_1234_1393,0.5679455995559692
2019_1234_1396,0.5400665998458862
2019_1234_1397,0.2623746395111084
2019_1234_1403,0.35488447546958923
2019_1234_1414,0.41132524609565735
2019_1234_1416,0.4407917857170105
2019_1234_1429,0.33095407485961914
2019_1234_1433,0.41694292426109314
2019_1234_1436,0.32496845722198486
2019_1234_1437,0.42080870270729065
2019_1234_1438,0.2124948352575302
2019_1234_1439,0.3941976726055145
2019_1234_1449,0.40826132893562317
2019_1234_1458,0.4405963718891144
2019_1234_1459,0.35350891947746277
2019_1234_1463,0.5067048072814941
2019_1235_1242,0.5274527072906494
2019_1235_1243,0.495491623878479
2019_1235_1246,0.3305559456348419
2019_1235_1251,0.43469905853271484
2019_1235_1257,0.6370559930801392
2019_1235_1261,0.37860754132270813
2019_1235_1266,0.48612380027770996
2019_1235_1268,0.56963711977005
2019_1235_1276,0.3127943277359009
2019_1235_1277,0.3146607577800751
2019_1235_1278,0.6945767998695374
2019_1235_1279,0.6618776321411133
2019_1235_1280,0.550161600112915
2019_1235_1285,0.5713016390800476
2019_1235_1293,0.3682411015033722
2019_1235_1295,0.8340631723403931
2019_1235_1297,0.4739842712879181
2019_1235_1300,0.9529883861541748
2019_1235_1305,0.28896668553352356
2019_1235_1308,0.3571367859840393
2019_1235_1314,0.33468684554100037
2019_1235_1318,0.6031422019004822
2019_1235_1326,0.7101320624351501
2019_1235_1328,0.7446064352989197
2019_1235_1330,0.48747676610946655
2019_1235_1332,0.5418685078620911
2019_1235_1341,0.9190800189971924
2019_1235_1345,0.4813292324542999
2019_1235_1371,0.6939817070960999
2019_1235_1385,0.6451931595802307
2019_1235_1387,0.5887869000434875
2019_1235_1388,0.5736528635025024
2019_1235_1393,0.6355485320091248
2019_1235_1396,0.610095202922821
2019_1235_1397,0.31173717975616455
2019_1235_1403,0.40940216183662415
2019_1235_1414,0.4155401587486267
2019_1235_1416,0.5343626141548157
2019_1235_1429,0.3677997291088104
2019_1235_1433,0.500053882598877
2019_1235_1436,0.37687164545059204
2019_1235_1437,0.48777493834495544
2019_1235_1438,0.25697454810142517
2019_1235_1439,0.46237027645111084
2019_1235_1449,0.4650895893573761
2019_1235_1458,0.532526969909668
2019_1235_1459,0.3874416649341583
2019_1235_1463,0.5854441523551941
2019_1242_1243,0.4679287075996399
2019_1242_1246,0.3122641146183014
2019_1242_1251,0.4159148335456848
2019_1242_1257,0.592531144618988
2019_1242_1261,0.3558313250541687
2019_1242_1266,0.4459998309612274
2019_1242_1268,0.525743842124939
2019_1242_1276,0.29550889134407043
2019_1242_1277,0.29785922169685364
2019_1242_1278,0.654310405254364
2019_1242_1279,0.61591637134552
2019_1242_1280,0.5051825642585754
2019_1242_1285,0.5478333234786987
2019_1242_1293,0.3496231734752655
2019_1242_1295,0.8226911425590515
2019_1242_1297,0.44413015246391296
2019_1242_1300,0.9510066509246826
2019_1242_1305,0.27412092685699463
2019_1242_1308,0.3405657708644867
2019_1242_1314,0.31595876812934875
2019_1242_1318,0.576025664806366
2019_1242_1326,0.6716234087944031
2019_1242_1328,0.7136844396591187
2019_1242_1330,0.4541488289833069
2019_1242_1332,0.49724262952804565
2019_1242_1341,0.9168168902397156
2019_1242_1345,0.45395031571388245
2019_1242_1371,0.6522995829582214
2019_1242_1385,0.6002705693244934
2019_1242_1387,0.5581228733062744
2019_1242_1388,0.5396001935005188
2019_1242_1393,0.5895909667015076
2019_1242_1396,0.5699286460876465
2019_1242_1397,0.2953146994113922
2019_1242_1403,0.3876361846923828
2019_1242_1414,0.39628586173057556
2019_1242_1416,0.48793309926986694
2019_1242_1429,0.3498280644416809
2019_1242_1433,0.4622257351875305
2019_1242_1436,0.3564983308315277
2019_1242_1437,0.4593088626861572
2019_1242_1438,0.24234220385551453
2019_1242_1439,0.43375980854034424
2019_1242_1449,0.4359731674194336
2019_1242_1458,0.4871196746826172
2019_1242_1459,0.36967992782592773
2019_1242_1463,0.5541154742240906
2019_1243_1246,0.30893635749816895
2019_1243_1251,0.4225713610649109
2019_1243_1257,0.6048626899719238
2019_1243_1261,0.36671000719070435
2019_1243_1266,0.42484140396118164
2019_1243_1268,0.4879339039325714
2019_1243_1276,0.29705920815467834
2019_1243_1277,0.30190661549568176
2019_1243_1278,0.6771702170372009
2019_1243_1279,0.6404420733451843
2019_1243_1280,0.5340051651000977
2019_1243_1285,0.5278539657592773
2019_1243_1293,0.35757026076316833
2019_1243_1295,0.8073852062225342
2019_1243_1297,0.4615226984024048
2019_1243_1300,0.8963345885276794
2019_1243_1305,0.27693232893943787
2019_1243_1308,0.34742239117622375
2019_1243_1314,0.3235190212726593
2019_1243_1318,0.5730414986610413
2019_1243_1326,0.6956150531768799
2019_1243_1328,0.7305250763893127
2019_1243_1330,0.4727790355682373
2019_1243_1332,0.5270285606384277
2019_1243_1341,0.8342793583869934
2019_1243_1345,0.4698505401611328
2019_1243_1371,0.6751366257667542
2019_1243_1385,0.6241331696510315
2019_1243_1387,0.5714530348777771
2019_1243_1388,0.5675416588783264
2019_1243_1393,0.5989452004432678
2019_1243_1396,0.5879493355751038
2019_1243_1397,0.2991822361946106
2019_1243_1403,0.39622360467910767
2019_1243_1414,0.3954981565475464
2019_1243_1416,0.514961838722229
2019_1243_1429,0.35768556594848633
2019_1243_1433,0.48217085003852844
2019_1243_1436,0.36581912636756897
2019_1243_1437,0.47582459449768066
2019_1243_1438,0.24573351442813873
2019_1243_1439,0.4497382640838623
2019_1243_1449,0.45214182138442993
2019_1243_1458,0.5172421336174011
2019_1243_1459,0.3765578269958496
2019_1243_1463,0.5703440308570862
2019_1246_1251,0.6506415009498596
2019_1246_1257,0.7831845879554749
2019_1246_1261,0.569339394569397
2019_1246_1266,0.6680956482887268
2019_1246_1268,0.7296282649040222
2019_1246_1276,0.4473063051700592
2019_1246_1277,0.4513796865940094
2019_1246_1278,0.8216373324394226
2019_1246_1279,0.7970096468925476
2019_1246_1280,0.7158715128898621
2019_1246_1285,0.8065502643585205
2019_1246_1293,0.5663235187530518
2019_1246_1295,0.9539508819580078
2019_1246_1297,0.6639145612716675
2019_1246_1300,0.9903025031089783
2019_1246_1305,0.4105548560619354
2019_1246_1308,0.5308980941772461
2019_1246_1314,0.49793097376823425
2019_1246_1318,0.7948401570320129
2019_1246_1326,0.8309233784675598
2019_1246_1328,0.8637837171554565
2019_1246_1330,0.6864392757415771
2019_1246_1332,0.713168740272522
2019_1246_1341,0.9819431900978088
2019_1246_1345,0.6771371960639954
2019_1246_1371,0.8203781843185425
2019_1246_1385,0.7856114506721497
2019_1246_1387,0.7503761053085327
2019_1246_1388,0.7360917329788208
2019_1246_1393,0.7825920581817627
2019_1246_1396,0.7716631293296814
2019_1246_1397,0.4438621699810028
2019_1246_1403,0.5918173789978027
2019_1246_1414,0.6629234552383423
2019_1246_1416,0.7040212750434875
2019_1246_1429,0.5680339336395264
2019_1246_1433,0.6844679713249207
2019_1246_1436,0.5660866498947144
2019_1246_1437,0.6891440749168396
2019_1246_1438,0.3823781907558441
2019_1246_1439,0.6502259969711304
2019_1246_1449,0.6768938899040222
2019_1246_1458,0.7144812345504761
2019_1246_1459,0.5827159285545349
2019_1246_1463,0.7602394223213196
2019_1251_1257,0.6582732796669006
2019_1251_1261,0.42500945925712585
2019_1251_1266,0.4829079210758209
2019_1251_1268,0.5562372803688049
2019_1251_1276,0.3479451537132263
2019_1251_1277,0.3512314260005951
2019_1251_1278,0.7240325808525085
2019_1251_1279,0.6941316723823547
2019_1251_1280,0.5809768438339233
2019_1251_1285,0.6007471680641174
2019_1251_1293,0.40716853737831116
2019_1251_1295,0.839074432849884
2019_1251_1297,0.5327551960945129
2019_1251_1300,0.919992983341217
2019_1251_1305,0.3276599943637848
2019_1251_1308,0.3943275213241577
2019_1251_1314,0.37190860509872437
2019_1251_1318,0.634982705116272
2019_1251_1326,0.7398777604103088
2019_1251_1328,0.7706477642059326
2019_1251_1330,0.5543221235275269
2019_1251_1332,0.583350419998169
2019_1251_1341,0.8718926310539246
2019_1251_1345,0.5382227897644043
2019_1251_1371,0.7202725410461426
2019_1251_1385,0.6799735426902771
2019_1251_1387,0.6260291934013367
2019_1251_1388,0.6117631793022156
2019_1251_1393,0.6523292064666748
2019_1251_1396,0.6450327038764954
2019_1251_1397,0.34746935963630676
2019_1251_1403,0.4579578638076782
2019_1251_1414,0.4558717608451843
2019_1251_1416,0.5699434876441956
2019_1251_1429,0.4057613015174866
2019_1251_1433,0.554286777973175
2019_1251_1436,0.4193490147590637
2019_1251_1437,0.5545293092727661
2019_1251_1438,0.2932770848274231
2019_1251_1439,0.521479070186615
2019_1251_1449,0.5260907411575317
2019_1251_1458,0.5797271132469177
2019_1251_1459,0.4283546507358551
2019_1251_1463,0.6275455951690674
2019_1257_1261,0.27472609281539917
2019_1257_1266,0.35280412435531616
2019_1257_1268,0.4045526683330536
2019_1257_1276,0.21658900380134583
2019_1257_1277,0.2181003987789154
2019_1257_1278,0.5306888818740845
2019_1257_1279,0.4820247292518616
2019_1257_1280,0.3835570514202118
2019_1257_1285,0.5423253178596497
2019_1257_1293,0.2726134955883026
2019_1257_1295,0.8533063530921936
2019_1257_1297,0.3525797724723816
2019_1257_1300,0.9624173045158386
2019_1257_1305,0.19993160665035248
2019_1257_1308,0.26484376192092896
2019_1257_1314,0.2339424043893814
2019_1257_1318,0.5406331419944763
2019_1257_1326,0.5687054395675659
2019_1257_1328,0.6437181234359741
2019_1257_1330,0.36392906308174133
2019_1257_1332,0.38656166195869446
2019_1257_1341,0.9254170060157776
2019_1257_1345,0.3696221709251404
2019_1257_1371,0.5321980714797974
2019_1257_1385,0.4849572777748108
2019_1257_1387,0.42337504029273987
2019_1257_1388,0.4176054894924164
2019_1257_1393,0.4708261489868164
2019_1257_1396,0.4614618122577667
2019_1257_1397,0.21635808050632477
2019_1257_1403,0.30918917059898376
2019_1257_1414,0.37448009848594666
2019_1257_1416,0.38237231969833374
2019_1257_1429,0.286900132894516
2019_1257_1433,0.36840641498565674
2019_1257_1436,0.2732921242713928
2019_1257_1437,0.3722307085990906
2019_1257_1438,0.16957172751426697
2019_1257_1439,0.34779855608940125
2019_1257_1449,0.36686041951179504
2019_1257_1458,0.3846462368965149
2019_1257_1459,0.3140076994895935
2019_1257_1463,0.4423717260360718
2019_1261_1266,0.5877556204795837
2019_1261_1268,0.6704381704330444
2019_1261_1276,0.3775239884853363
2019_1261_1277,0.3799259662628174
2019_1261_1278,0.7780971527099609
2019_1261_1279,0.7512373328208923
2019_1261_1280,0.6474345922470093
2019_1261_1285,0.7023935914039612
2019_1261_1293,0.4494997560977936
2019_1261_1295,0.9132165312767029
2019_1261_1297,0.5799642205238342
2019_1261_1300,0.9800134897232056
2019_1261_1305,0.34998756647109985
2019_1261_1308,0.42996469140052795
2019_1261_1314,0.41004905104637146
2019_1261_1318,0.7165290117263794
2019_1261_1326,0.7930752038955688
2019_1261_1328,0.8245560526847839
2019_1261_1330,0.5953711271286011
2019_1261_1332,0.6427940726280212
2019_1261_1341,0.9618512988090515
2019_1261_1345,0.5879689455032349
2019_1261_1371,0.7761972546577454
2019_1261_1385,0.7412034869194031
2019_1261_1387,0.6941530704498291
2019_1261_1388,0.6805086135864258
2019_1261_1393,0.7359461784362793
2019_1261_1396,0.717586874961853
2019_1261_1397,0.3733827769756317
2019_1261_1403,0.5159327387809753
2019_1261_1414,0.5495420694351196
2019_1261_1416,0.6332215070724487
2019_1261_1429,0.4533388316631317
2019_1261_1433,0.603131890296936
2019_1261_1436,0.46005165576934814
2019_1261_1437,0.599734902381897
2019_1261_1438,0.32231706380844116
2019_1261_1439,0.5713708400726318
2019_1261_1449,0.5807914733886719
2019_1261_1458,0.6357444524765015
2019_1261_1459,0.4827248454093933
2019_1261_1463,0.6987614035606384
2019_1266_1268,0.5682898759841919
2019_1266_1276,0.3207126557826996
2019_1266_1277,0.32011356949806213
2019_1266_1278,0.7057424187660217
2019_1266_1279,0.6627515554428101
2019_1266_1280,0.5414279103279114
2019_1266_1285,0.7174529433250427
2019_1266_1293,0.38135144114494324
2019_1266_1295,0.926756739616394
2019_1266_1297,0.47039952874183655
2019_1266_1300,0.983588457107544
2019_1266_1305,0.30317923426628113
2019_1266_1308,0.373445063829422
2019_1266_1314,0.33600154519081116
2019_1266_1318,0.717397928237915
2019_1266_1326,0.7184526324272156
2019_1266_1328,0.7749772667884827
2019_1266_1330,0.49105387926101685
2019_1266_1332,0.5364797711372375
2019_1266_1341,0.9682607054710388
2019_1266_1345,0.49219366908073425
2019_1266_1371,0.7103404998779297
2019_1266_1385,0.6519879698753357
2019_1266_1387,0.5921906232833862
2019_1266_1388,0.574779748916626
2019_1266_1393,0.6394705772399902
2019_1266_1396,0.6386821269989014
2019_1266_1397,0.3182808458805084
2019_1266_1403,0.4102998375892639
2019_1266_1414,0.5144082307815552
2019_1266_1416,0.523807942867279
2019_1266_1429,0.3980046510696411
2019_1266_1433,0.49130284786224365
2019_1266_1436,0.3778124749660492
2019_1266_1437,0.5006083846092224
2019_1266_1438,0.2652372717857361
2019_1266_1439,0.46386030316352844
2019_1266_1449,0.49516960978507996
2019_1266_1458,0.5406708717346191
2019_1266_1459,0.4240339994430542
2019_1266_1463,0.6238027811050415
2019_1268_1276,0.2716781198978424
2019_1268_1277,0.2739678919315338
2019_1268_1278,0.6378969550132751
2019_1268_1279,0.5869857668876648
2019_1268_1280,0.4564759433269501
2019_1268_1285,0.6808622479438782
2019_1268_1293,0.34147870540618896
2019_1268_1295,0.9198015928268433
2019_1268_1297,0.4088481366634369
2019_1268_1300,0.9818233251571655
2019_1268_1305,0.2564292252063751
2019_1268_1308,0.3342941403388977
2019_1268_1314,0.29222914576530457
2019_1268_1318,0.6782181262969971
2019_1268_1326,0.6573445796966553
2019_1268_1328,0.7421852946281433
2019_1268_1330,0.4298694133758545
2019_1268_1332,0.45556098222732544
2019_1268_1341,0.9625546336174011
2019_1268_1345,0.43669894337654114
2019_1268_1371,0.6445375084877014
2019_1268_1385,0.58079993724823
2019_1268_1387,0.5145496129989624
2019_1268_1388,0.4986693263053894
2019_1268_1393,0.5709247589111328
2019_1268_1396,0.5788811445236206
2019_1268_1397,0.27171409130096436
2019_1268_1403,0.3653974235057831
2019_1268_1414,0.4804896414279938
2019_1268_1416,0.4503125846385956
2019_1268_1429,0.36720043420791626
2019_1268_1433,0.4292687773704529
2019_1268_1436,0.3345092236995697
2019_1268_1437,0.44136402010917664
2019_1268_1438,0.21864740550518036
2019_1268_1439,0.4074869751930237
2019_1268_1449,0.45378175377845764
2019_1268_1458,0.457205593585968
2019_1268_1459,0.3935142755508423
2019_1268_1463,0.5751690864562988
2019_1276_1277,0.49681055545806885
2019_1276_1278,0.833244800567627
2019_1276_1279,0.811055600643158
2019_1276_1280,0.7345631122589111
2019_1276_1285,0.8350843787193298
2019_1276_1293,0.5870040059089661
2019_1276_1295,0.9612104892730713
2019_1276_1297,0.6914513111114502
2019_1276_1300,0.9919366836547852
2019_1276_1305,0.4430393874645233
2019_1276_1308,0.569545567035675
2019_1276_1314,0.5444483757019043
2019_1276_1318,0.8160074353218079
2019_1276_1326,0.8431288599967957
2019_1276_1328,0.8814955949783325
2019_1276_1330,0.7070404887199402
2019_1276_1332,0.7324629426002502
2019_1276_1341,0.985020637512207
2019_1276_1345,0.695463240146637
2019_1276_1371,0.8317533731460571
2019_1276_1385,0.8002808690071106
2019_1276_1387,0.7637345194816589
2019_1276_1388,0.7539260387420654
2019_1276_1393,0.7978605031967163
2019_1276_1396,0.7846828699111938
2019_1276_1397,0.48357707262039185
2019_1276_1403,0.6256868243217468
2019_1276_1414,0.6929188966751099
2019_1276_1416,0.7226266264915466
2019_1276_1429,0.595749020576477
2019_1276_1433,0.704558253288269
2019_1276_1436,0.5871882438659668
2019_1276_1437,0.7116222977638245
2019_1276_1438,0.41395267844200134
2019_1276_1439,0.6773784160614014
2019_1276_1449,0.6990652680397034
2019_1276_1458,0.7327079176902771
2019_1276_1459,0.6221799850463867
2019_1276_1463,0.7756997346878052
2019_1277_1278,0.8273074626922607
2019_1277_1279,0.8063007593154907
2019_1277_1280,0.7270410060882568
2019_1277_1285,0.7637979388237
2019_1277_1293,0.571071207523346
2019_1277_1295,0.9360227584838867
2019_1277_1297,0.6829351782798767
2019_1277_1300,0.9852219223976135
2019_1277_1305,0.4307480454444885
2019_1277_1308,0.551536500453949
2019_1277_1314,0.5325433611869812
2019_1277_1318,0.7756693959236145
2019_1277_1326,0.8388980627059937
2019_1277_1328,0.8637690544128418
2019_1277_1330,0.695380449295044
2019_1277_1332,0.7253552675247192
2019_1277_1341,0.9726679921150208
2019_1277_1345,0.6834966540336609
2019_1277_1371,0.824295163154602
2019_1277_1385,0.7952286601066589
2019_1277_1387,0.7560321688652039
2019_1277_1388,0.748141348361969
2019_1277_1393,0.7922717332839966
2019_1277_1396,0.7702382802963257
2019_1277_1397,0.4701792299747467
2019_1277_1403,0.6156517267227173
2019_1277_1414,0.6493353843688965
2019_1277_1416,0.713992178440094
2019_1277_1429,0.5713632106781006
2019_1277_1433,0.696423351764679
2019_1277_1436,0.5751797556877136
2019_1277_1437,0.6987332105636597
2019_1277_1438,0.4002092778682709
2019_1277_1439,0.6707639694213867
2019_1277_1449,0.6835632920265198
2019_1277_1458,0.7209205627441406
2019_1277_1459,0.595369279384613
2019_1277_1463,0.7602759599685669
2019_1278_1279,0.4350581169128418
2019_1278_1280,0.33966025710105896
2019_1278_1285,0.38349491357803345
2019_1278_1293,0.2202749401330948
2019_1278_1295,0.7447160482406616
2019_1278_1297,0.3069065809249878
2019_1278_1300,0.9153774976730347
2019_1278_1305,0.16003550589084625
2019_1278_1308,0.2127898633480072
2019_1278_1314,0.19060984253883362
2019_1278_1318,0.4035528898239136
2019_1278_1326,0.5220363736152649
2019_1278_1328,0.5684601068496704
2019_1278_1330,0.3144949674606323
2019_1278_1332,0.34151485562324524
2019_1278_1341,0.8357272148132324
2019_1278_1345,0.321368008852005
2019_1278_1371,0.4700430929660797
2019_1278_1385,0.4362368583679199
2019_1278_1387,0.3753487169742584
2019_1278_1388,0.372284471988678
2019_1278_1393,0.4236297011375427
2019_1278_1396,0.3942488133907318
2019_1278_1397,0.17530885338783264
2019_1278_1403,0.25656890869140625
2019_1278_1414,0.26576167345046997
2019_1278_1416,0.3380613923072815
2019_1278_1429,0.22336862981319427
2019_1278_1433,0.3234046697616577
2019_1278_1436,0.22543640434741974
2019_1278_1437,0.32299521565437317
2019_1278_1438,0.13131503760814667
2019_1278_1439,0.29961904883384705
2019_1278_1449,0.30553382635116577
2019_1278_1458,0.3365916907787323
2019_1278_1459,0.2415827512741089
2019_1278_1463,0.37494635581970215
2019_1279_1280,0.36912980675697327
2019_1279_1285,0.3976289927959442
2019_1279_1293,0.24797241389751434
2019_1279_1295,0.7488356828689575
2019_1279_1297,0.3349322974681854
2019_1279_1300,0.9142391085624695
2019_1279_1305,0.18328963220119476
2019_1279_1308,0.23936820030212402
2019_1279_1314,0.21647951006889343
2019_1279_1318,0.4282200336456299
2019_1279_1326,0.5685787796974182
2019_1279_1328,0.6040231585502625
2019_1279_1330,0.3435242176055908
2019_1279_1332,0.36992958188056946
2019_1279_1341,0.8349355459213257
2019_1279_1345,0.3477083444595337
2019_1279_1371,0.5146936774253845
2019_1279_1385,0.4754398465156555
2019_1279_1387,0.40744325518608093
2019_1279_1388,0.4023802876472473
2019_1279_1393,0.46469739079475403
2019_1279_1396,0.42906248569488525
2019_1279_1397,0.19921021163463593
2019_1279_1403,0.2881980240345001
2019_1279_1414,0.29104724526405334
2019_1279_1416,0.36632204055786133
2019_1279_1429,0.25099098682403564
2019_1279_1433,0.3501311242580414
2019_1279_1436,0.25384822487831116
2019_1279_1437,0.34937870502471924
2019_1279_1438,0.15464963018894196
2019_1279_1439,0.3309391438961029
2019_1279_1449,0.33388522267341614
2019_1279_1458,0.3650936186313629
2019_1279_1459,0.26876136660575867
2019_1279_1463,0.40361037850379944
2019_1280_1285,0.6131010055541992
2019_1280_1293,0.33703070878982544
2019_1280_1295,0.8830629587173462
2019_1280_1297,0.42096972465515137
2019_1280_1300,0.9720885753631592
2019_1280_1305,0.25713789463043213
2019_1280_1308,0.32938697934150696
2019_1280_1314,0.29977110028266907
2019_1280_1318,0.6116891503334045
2019_1280_1326,0.6765528321266174
2019_1280_1328,0.7287719249725342
2019_1280_1330,0.43273890018463135
2019_1280_1332,0.4733066260814667
2019_1280_1341,0.9448292851448059
2019_1280_1345,0.43451717495918274
2019_1280_1371,0.6527553796768188
2019_1280_1385,0.6023131608963013
2019_1280_1387,0.5373601317405701
2019_1280_1388,0.5239229202270508
2019_1280_1393,0.5896173715591431
2019_1280_1396,0.5695502758026123
2019_1280_1397,0.2779552936553955
2019_1280_1403,0.3723923861980438
2019_1280_1414,0.4168819785118103
2019_1280_1416,0.46997323632240295
2019_1280_1429,0.34321174025535583
2019_1280_1433,0.4414210617542267
2019_1280_1436,0.34186306595802307
2019_1280_1437,0.44020000100135803
2019_1280_1438,0.2269749641418457
2019_1280_1439,0.41321438550949097
2019_1280_1449,0.4235086143016815
2019_1280_1458,0.4678730368614197
2019_1280_1459,0.3659514784812927
2019_1280_1463,0.5489372611045837
2019_1285_1293,0.31741970777511597
2019_1285_1295,0.7733638286590576
2019_1285_1297,0.3760390281677246
2019_1285_1300,0.8179830312728882
2019_1285_1305,0.23642277717590332
2019_1285_1308,0.30571654438972473
2019_1285_1314,0.24519683420658112
2019_1285_1318,0.5157824754714966
2019_1285_1326,0.5834369659423828
2019_1285_1328,0.6926764249801636
2019_1285_1330,0.42523613572120667
2019_1285_1332,0.4587823152542114
2019_1285_1341,0.6910704970359802
2019_1285_1345,0.39308780431747437
2019_1285_1371,0.6204505562782288
2019_1285_1385,0.5694966316223145
2019_1285_1387,0.469488263130188
2019_1285_1388,0.43532276153564453
2019_1285_1393,0.4298534691333771
2019_1285_1396,0.5384836196899414
2019_1285_1397,0.23108318448066711
2019_1285_1403,0.2963205575942993
2019_1285_1414,0.35904383659362793
2019_1285_1416,0.35883262753486633
2019_1285_1429,0.3214728832244873
2019_1285_1433,0.4167709946632385
2019_1285_1436,0.30007776618003845
2019_1285_1437,0.43041855096817017
2019_1285_1438,0.2043987214565277
2019_1285_1439,0.3980618715286255
2019_1285_1449,0.40643054246902466
2019_1285_1458,0.4580748677253723
2019_1285_1459,0.3402256965637207
2019_1285_1463,0.5160000324249268
2019_1293_1295,0.891124427318573
2019_1293_1297,0.6028345227241516
2019_1293_1300,0.96077960729599
2019_1293_1305,0.3645531237125397
2019_1293_1308,0.4500997066497803
2019_1293_1314,0.4331788718700409
2019_1293_1318,0.7147694826126099
2019_1293_1326,0.8008953332901001
2019_1293_1328,0.8256446123123169
2019_1293_1330,0.6212279796600342
2019_1293_1332,0.6654713749885559
2019_1293_1341,0.9313879609107971
2019_1293_1345,0.608131468296051
2019_1293_1371,0.7842063307762146
2019_1293_1385,0.7506895661354065
2019_1293_1387,0.7056699991226196
2019_1293_1388,0.6942023038864136
2019_1293_1393,0.7459896802902222
2019_1293_1396,0.7209795713424683
2019_1293_1397,0.390190452337265
2019_1293_1403,0.5480004549026489
2019_1293_1414,0.5514457821846008
2019_1293_1416,0.6529977917671204
2019_1293_1429,0.46821263432502747
2019_1293_1433,0.6252076029777527
2019_1293_1436,0.49486926198005676
2019_1293_1437,0.6216001510620117
2019_1293_1438,0.3384384214878082
2019_1293_1439,0.5901973843574524
2019_1293_1449,0.598311185836792
2019_1293_1458,0.6599661707878113
2019_1293_1459,0.4996543228626251
2019_1293_1463,0.703849732875824
2019_1295_1297,0.13755716383457184
2019_1295_1300,0.5345731973648071
2019_1295_1305,0.07586795836687088
2019_1295_1308,0.11857889592647552
2019_1295_1314,0.07169141620397568
2019_1295_1318,0.26854437589645386
2019_1295_1326,0.23613137006759644
2019_1295_1328,0.37145188450813293
2019_1295_1330,0.18687164783477783
2019_1295_1332,0.17854943871498108
2019_1295_1341,0.3787992000579834
2019_1295_1345,0.15175274014472961
2019_1295_1371,0.3098410964012146
2019_1295_1385,0.23721560835838318
2019_1295_1387,0.1758354753255844
2019_1295_1388,0.16163192689418793
2019_1295_1393,0.13745203614234924
2019_1295_1396,0.26901987195014954
2019_1295_1397,0.06460671871900558
2019_1295_1403,0.09298353642225266
2019_1295_1414,0.15123534202575684
2019_1295_1416,0.12316292524337769
2019_1295_1429,0.12733998894691467
2019_1295_1433,0.15756523609161377
2019_1295_1436,0.09343928098678589
2019_1295_1437,0.20108012855052948
2019_1295_1438,0.05105824023485184
2019_1295_1439,0.15510551631450653
2019_1295_1449,0.18339993059635162
2019_1295_1458,0.1852874904870987
2019_1295_1459,0.13861294090747833
2019_1295_1463,0.24841246008872986
2019_1297_1300,0.9654490351676941
2019_1297_1305,0.29957062005996704
2019_1297_1308,0.36437365412712097
2019_1297_1314,0.339498370885849
2019_1297_1318,0.629764974117279
2019_1297_1326,0.7143316864967346
2019_1297_1328,0.752754807472229
2019_1297_1330,0.49278533458709717
2019_1297_1332,0.5507810711860657
2019_1297_1341,0.9410116672515869
2019_1297_1345,0.48885297775268555
2019_1297_1371,0.6991797685623169
2019_1297_1385,0.6490283012390137
2019_1297_1387,0.5925954580307007
2019_1297_1388,0.5769461393356323
2019_1297_1393,0.638951301574707
2019_1297_1396,0.6158705949783325
2019_1297_1397,0.3204140365123749
2019_1297_1403,0.417649507522583
2019_1297_1414,0.42981916666030884
2019_1297_1416,0.5362092852592468
2019_1297_1429,0.37562742829322815
2019_1297_1433,0.5030270218849182
2019_1297_1436,0.381597101688385
2019_1297_1437,0.494794100522995
2019_1297_1438,0.2661843001842499
2019_1297_1439,0.469674289226532
2019_1297_1449,0.4720556437969208
2019_1297_1458,0.5388503074645996
2019_1297_1459,0.39878690242767334
2019_1297_1463,0.5966210961341858
2019_1300_1305,0.024166982620954514
2019_1300_1308,0.04816095158457756
2019_1300_1314,0.01894785277545452
2019_1300_1318,0.21844276785850525
2019_1300_1326,0.08491396903991699
2019_1300_1328,0.2178191989660263
2019_1300_1330,0.06344067305326462
2019_1300_1332,0.056553859263658524
2019_1300_1341,0.3129873275756836
2019_1300_1345,0.04538161680102348
2019_1300_1371,0.1288035809993744
2019_1300_1385,0.08452338725328445
2019_1300_1387,0.05586295947432518
2019_1300_1388,0.04900319129228592
2019_1300_1393,0.039978351444005966
2019_1300_1396,0.14368903636932373
2019_1300_1397,0.01693047769367695
2019_1300_1403,0.02530905045568943
2019_1300_1414,0.11164893209934235
2019_1300_1416,0.03518208861351013
2019_1300_1429,0.05590929463505745
2019_1300_1433,0.048742394894361496
2019_1300_1436,0.02511906996369362
2019_1300_1437,0.09504704922437668
2019_1300_1438,0.013888676650822163
2019_1300_1439,0.04684370011091232
2019_1300_1449,0.06945489346981049
2019_1300_1458,0.05814988538622856
2019_1300_1459,0.07050500810146332
2019_1300_1463,0.12550553679466248
2019_1305_1308,0.5913402438163757
2019_1305_1314,0.5746592283248901
2019_1305_1318,0.7892122268676758
2019_1305_1326,0.8580564856529236
2019_1305_1328,0.8772687911987305
2019_1305_1330,0.7270747423171997
2019_1305_1332,0.7552018165588379
2019_1305_1341,0.9615282416343689
2019_1305_1345,0.7103450894355774
2019_1305_1371,0.8450639247894287
2019_1305_1385,0.8187540769577026
2019_1305_1387,0.7830931544303894
2019_1305_1388,0.775707483291626
2019_1305_1393,0.8163009881973267
2019_1305_1396,0.792782187461853
2019_1305_1397,0.5321455001831055
2019_1305_1403,0.6579591035842896
2019_1305_1414,0.6845210194587708
2019_1305_1416,0.745664119720459
2019_1305_1429,0.6128637194633484
2019_1305_1433,0.7241518497467041
2019_1305_1436,0.6223474740982056
2019_1305_1437,0.7265830636024475
2019_1305_1438,0.442371129989624
2019_1305_1439,0.7025198936462402
2019_1305_1449,0.7098292708396912
2019_1305_1458,0.7547253966331482
2019_1305_1459,0.6360948085784912
2019_1305_1463,0.7806395888328552
2019_1308_1314,0.46159255504608154
2019_1308_1318,0.7251511812210083
2019_1308_1326,0.8097348213195801
2019_1308_1328,0.8336363434791565
2019_1308_1330,0.6465200781822205
2019_1308_1332,0.6847814917564392
2019_1308_1341,0.9266414642333984
2019_1308_1345,0.6315222382545471
2019_1308_1371,0.7937512993812561
2019_1308_1385,0.7613207101821899
2019_1308_1387,0.7177937030792236
2019_1308_1388,0.7089343667030334
2019_1308_1393,0.7569685578346252
2019_1308_1396,0.7306811809539795
2019_1308_1397,0.4168049693107605
2019_1308_1403,0.5683946013450623
2019_1308_1414,0.570705771446228
2019_1308_1416,0.6698001623153687
2019_1308_1429,0.5030197501182556
2019_1308_1433,0.6468814611434937
2019_1308_1436,0.5288400053977966
2019_1308_1437,0.649543046951294
2019_1308_1438,0.3609478175640106
2019_1308_1439,0.6127048134803772
2019_1308_1449,0.6260592341423035
2019_1308_1458,0.6798087954521179
2019_1308_1459,0.5334942936897278
2019_1308_1463,0.7166433930397034
2019_1314_1318,0.7601171731948853
2019_1314_1326,0.824459969997406
2019_1314_1328,0.8524953722953796
2019_1314_1330,0.6621319055557251
2019_1314_1332,0.7003993988037109
2019_1314_1341,0.9712706208229065
2019_1314_1345,0.6511456966400146
2019_1314_1371,0.8109017014503479
2019_1314_1385,0.7782739400863647
2019_1314_1387,0.7369672656059265
2019_1314_1388,0.7233480215072632
2019_1314_1393,0.7744622230529785
2019_1314_1396,0.7576541900634766
2019_1314_1397,0.4216874837875366
2019_1314_1403,0.5729015469551086
2019_1314_1414,0.6044515371322632
2019_1314_1416,0.689690351486206
2019_1314_1429,0.5287417769432068
2019_1314_1433,0.6641333103179932
2019_1314_1436,0.535101592540741
2019_1314_1437,0.6647768616676331
2019_1314_1438,0.3623897433280945
2019_1314_1439,0.6294832229614258
2019_1314_1449,0.647810697555542
2019_1314_1458,0.6969281435012817
2019_1314_1459,0.5670003294944763
2019_1314_1463,0.7437188029289246
2019_1318_1326,0.5764219164848328
2019_1318_1328,0.6508458852767944
2019_1318_1330,0.397405743598938
2019_1318_1332,0.43285447359085083
2019_1318_1341,0.6855602860450745
2019_1318_1345,0.3945217728614807
2019_1318_1371,0.5783533453941345
2019_1318_1385,0.5310063362121582
2019_1318_1387,0.4615006148815155
2019_1318_1388,0.4394667148590088
2019_1318_1393,0.42081233859062195
2019_1318_1396,0.49008283019065857
2019_1318_1397,0.23451225459575653
2019_1318_1403,0.31648018956184387
2019_1318_1414,0.34025606513023376
2019_1318_1416,0.3673311471939087
2019_1318_1429,0.3024435341358185
2019_1318_1433,0.39988967776298523
2019_1318_1436,0.3021162748336792
2019_1318_1437,0.40360790491104126
2019_1318_1438,0.19576479494571686
2019_1318_1439,0.37980544567108154
2019_1318_1449,0.3842087686061859
2019_1318_1458,0.42767733335494995
2019_1318_1459,0.32254430651664734
2019_1318_1463,0.4741956293582916
2019_1326_1328,0.5253409743309021
2019_1326_1330,0.30181685090065
2019_1326_1332,0.32952040433883667
2019_1326_1341,0.850293755531311
2019_1326_1345,0.3098977208137512
2019_1326_1371,0.4385307729244232
2019_1326_1385,0.4118196666240692
2019_1326_1387,0.361581951379776
2019_1326_1388,0.35877910256385803
2019_1326_1393,0.3927522897720337
2019_1326_1396,0.3813662827014923
2019_1326_1397,0.16687637567520142
2019_1326_1403,0.24552693963050842
2019_1326_1414,0.26439499855041504
2019_1326_1416,0.32576632499694824
2019_1326_1429,0.2139783501625061
2019_1326_1433,0.3108590245246887
2019_1326_1436,0.2150714248418808
2019_1326_1437,0.31115683913230896
2019_1326_1438,0.12172800302505493
2019_1326_1439,0.2872459888458252
2019_1326_1449,0.29327037930488586
2019_1326_1458,0.32363376021385193
2019_1326_1459,0.23283979296684265
2019_1326_1463,0.36420881748199463
2019_1328_1330,0.265702486038208
2019_1328_1332,0.2946547865867615
2019_1328_1341,0.6402449011802673
2019_1328_1345,0.2728371024131775
2019_1328_1371,0.4040304720401764
2019_1328_1385,0.3770049512386322
2019_1328_1387,0.3298361003398895
2019_1328_1388,0.3268766403198242
2019_1328_1393,0.3546787202358246
2019_1328_1396,0.35018616914749146
2019_1328_1397,0.14227749407291412
2019_1328_1403,0.21135172247886658
2019_1328_1414,0.21177688241004944
2019_1328_1416,0.2870596647262573
2019_1328_1429,0.18453627824783325
2019_1328_1433,0.2729029357433319
2019_1328_1436,0.18578511476516724
2019_1328_1437,0.27560821175575256
2019_1328_1438,0.10182859003543854
2019_1328_1439,0.25289860367774963
2019_1328_1449,0.2569270133972168
2019_1328_1458,0.2871081233024597
2019_1328_1459,0.19894741475582123
2019_1328_1463,0.33040717244148254
2019_1330_1332,0.5372554659843445
2019_1330_1341,0.9012490510940552
2019_1330_1345,0.47834229469299316
2019_1330_1371,0.6895864605903625
2019_1330_1385,0.6402958035469055
2019_1330_1387,0.5838401913642883
2019_1330_1388,0.571845293045044
2019_1330_1393,0.630217969417572
2019_1330_1396,0.6044184565544128
2019_1330_1397,0.30890434980392456
2019_1330_1403,0.4062291979789734
2019_1330_1414,0.40779802203178406
2019_1330_1416,0.5325514078140259
2019_1330_1429,0.36543935537338257
2019_1330_1433,0.4958551228046417
2019_1330_1436,0.37431225180625916
2019_1330_1437,0.48442479968070984
2019_1330_1438,0.25429439544677734
2019_1330_1439,0.45892441272735596
2019_1330_1449,0.4611979126930237
2019_1330_1458,0.5278369784355164
2019_1330_1459,0.38476619124412537
2019_1330_1463,0.5799604058265686
2019_1332_1341,0.9131472706794739
2019_1332_1345,0.4387557804584503
2019_1332_1371,0.6507516503334045
2019_1332_1385,0.600357174873352
2019_1332_1387,0.5445793867111206
2019_1332_1388,0.5294369459152222
2019_1332_1393,0.5892254114151001
2019_1332_1396,0.5677796602249146
2019_1332_1397,0.2803514003753662
2019_1332_1403,0.37557467818260193
2019_1332_1414,0.3839741349220276
2019_1332_1416,0.4761711359024048
2019_1332_1429,0.3378906548023224
2019_1332_1433,0.4481523931026459
2019_1332_1436,0.3448182940483093
2019_1332_1437,0.44325217604637146
2019_1332_1438,0.22914516925811768
2019_1332_1439,0.4174809753894806
2019_1332_1449,0.4195149838924408
2019_1332_1458,0.4718298017978668
2019_1332_1459,0.3577001988887787
2019_1332_1463,0.5335859656333923
2019_1341_1345,0.07592461258172989
2019_1341_1371,0.20422635972499847
2019_1341_1385,0.13525649905204773
2019_1341_1387,0.09639318287372589
2019_1341_1388,0.08333952724933624
2019_1341_1393,0.07333879172801971
2019_1341_1396,0.21409858763217926
2019_1341_1397,0.03320980817079544
2019_1341_1403,0.04563222825527191
2019_1341_1414,0.19332104921340942
2019_1341_1416,0.060363899916410446
2019_1341_1429,0.10104408860206604
2019_1341_1433,0.08323787152767181
2019_1341_1436,0.04696350917220116
2019_1341_1437,0.1487903743982315
2019_1341_1438,0.03027861937880516
2019_1341_1439,0.08009926974773407
2019_1341_1449,0.11657692492008209
2019_1341_1458,0.10163793712854385
2019_1341_1459,0.12460105866193771
2019_1341_1463,0.19152632355690002
2019_1345_1371,0.6813426613807678
2019_1345_1385,0.6296004056930542
2019_1345_1387,0.5767453908920288
2019_1345_1388,0.5695106983184814
2019_1345_1393,0.6176316142082214
2019_1345_1396,0.5965184569358826
2019_1345_1397,0.32609230279922485
2019_1345_1403,0.419254332780838
2019_1345_1414,0.43280309438705444
2019_1345_1416,0.5240962505340576
2019_1345_1429,0.38024935126304626
2019_1345_1433,0.4944813549518585
2019_1345_1436,0.3873900771141052
2019_1345_1437,0.49430882930755615
2019_1345_1438,0.2722269892692566
2019_1345_1439,0.47015854716300964
2019_1345_1449,0.47379377484321594
2019_1345_1458,0.535163938999176
2019_1345_1459,0.4026106595993042
2019_1345_1463,0.5824660062789917
2019_1371_1385,0.440323144197464
2019_1371_1387,0.376911461353302
2019_1371_1388,0.3737851679325104
2019_1371_1393,0.4264516830444336
2019_1371_1396,0.3950080871582031
2019_1371_1397,0.17689910531044006
2019_1371_1403,0.2581937611103058
2019_1371_1414,0.2570353150367737
2019_1371_1416,0.33810076117515564
2019_1371_1429,0.22520393133163452
2019_1371_1433,0.32401856780052185
2019_1371_1436,0.22789786756038666
2019_1371_1437,0.3236519396305084
2019_1371_1438,0.1364700049161911
2019_1371_1439,0.30136874318122864
2019_1371_1449,0.3075120151042938
2019_1371_1458,0.3377380967140198
2019_1371_1459,0.24183417856693268
2019_1371_1463,0.37498757243156433
2019_1385_1387,0.41761595010757446
2019_1385_1388,0.4119488000869751
2019_1385_1393,0.4671758711338043
2019_1385_1396,0.4411364495754242
2019_1385_1397,0.21061895787715912
2019_1385_1403,0.3009638488292694
2019_1385_1414,0.3082138001918793
2019_1385_1416,0.3749005198478699
2019_1385_1429,0.2635471820831299
2019_1385_1433,0.36021649837493896
2019_1385_1436,0.2658310532569885
2019_1385_1437,0.3598293364048004
2019_1385_1438,0.16737154126167297
2019_1385_1439,0.34035027027130127
2019_1385_1449,0.34443992376327515
2019_1385_1458,0.3732409179210663
2019_1385_1459,0.28185591101646423
2019_1385_1463,0.41225144267082214
2019_1387_1388,0.46755683422088623
2019_1387_1393,0.5447754263877869
2019_1387_1396,0.4935699701309204
2019_1387_1397,0.24370943009853363
2019_1387_1403,0.33902132511138916
2019_1387_1414,0.3505631685256958
2019_1387_1416,0.4227985739707947
2019_1387_1429,0.30272579193115234
2019_1387_1433,0.39824116230010986
2019_1387_1436,0.30511048436164856
2019_1387_1437,0.3963122069835663
2019_1387_1438,0.19645850360393524
2019_1387_1439,0.37734177708625793
2019_1387_1449,0.3805900514125824
2019_1387_1458,0.4166525602340698
2019_1387_1459,0.32501235604286194
2019_1387_1463,0.47196856141090393
2019_1388_1393,0.5665584206581116
2019_1388_1396,0.5206601023674011
2019_1388_1397,0.26022621989250183
2019_1388_1403,0.3563646674156189
2019_1388_1414,0.3798631429672241
2019_1388_1416,0.4401930570602417
2019_1388_1429,0.32447654008865356
2019_1388_1433,0.4164822995662689
2019_1388_1436,0.3239381015300751
2019_1388_1437,0.414796382188797
2019_1388_1438,0.20969082415103912
2019_1388_1439,0.39576461911201477
2019_1388_1449,0.4016929566860199
2019_1388_1458,0.43416476249694824
2019_1388_1459,0.3458389937877655
2019_1388_1463,0.4925996661186218
2019_1393_1396,0.4586458206176758
2019_1393_1397,0.21539534628391266
2019_1393_1403,0.3081481158733368
2019_1393_1414,0.3760688304901123
2019_1393_1416,0.38127437233924866
2019_1393_1429,0.2857193350791931
2019_1393_1433,0.36653491854667664
2019_1393_1436,0.27262988686561584
2019_1393_1437,0.36991986632347107
2019_1393_1438,0.16755414009094238
2019_1393_1439,0.3460751175880432
2019_1393_1449,0.3645554482936859
2019_1393_1458,0.3828029930591583
2019_1393_1459,0.3118831217288971
2019_1393_1463,0.44005799293518066
2019_1396_1397,0.231492280960083
2019_1396_1403,0.3262392580509186
2019_1396_1414,0.3225288689136505
2019_1396_1416,0.40715163946151733
2019_1396_1429,0.28677165508270264
2019_1396_1433,0.3851086497306824
2019_1396_1436,0.29124319553375244
2019_1396_1437,0.38359349966049194
2019_1396_1438,0.18618379533290863
2019_1396_1439,0.3648409843444824
2019_1396_1449,0.36748427152633667
2019_1396_1458,0.4027184545993805
2019_1396_1459,0.3057595491409302
2019_1396_1463,0.45349979400634766
2019_1397_1403,0.6208612322807312
2019_1397_1414,0.6604666709899902
2019_1397_1416,0.7189291715621948
2019_1397_1429,0.5780373811721802
2019_1397_1433,0.7013978958129883
2019_1397_1436,0.5830172300338745
2019_1397_1437,0.7042198777198792
2019_1397_1438,0.4062570035457611
2019_1397_1439,0.6749725937843323
2019_1397_1449,0.6896156668663025
2019_1397_1458,0.7260167598724365
2019_1397_1459,0.6058460474014282
2019_1397_1463,0.7654100656509399
2019_1403_1414,0.5226972103118896
2019_1403_1416,0.599181592464447
2019_1403_1429,0.43163105845451355
2019_1403_1433,0.5723254680633545
2019_1403_1436,0.43763411045074463
2019_1403_1437,0.5715287327766418
2019_1403_1438,0.3154071569442749
2019_1403_1439,0.5476588010787964
2019_1403_1449,0.5667212605476379
2019_1403_1458,0.6053972244262695
2019_1403_1459,0.45973074436187744
2019_1403_1463,0.673188328742981
2019_1414_1416,0.5699396133422852
2019_1414_1429,0.4163858890533447
2019_1414_1433,0.5724385976791382
2019_1414_1436,0.42676636576652527
2019_1414_1437,0.5701377987861633
2019_1414_1438,0.28679198026657104
2019_1414_1439,0.548241138458252
2019_1414_1449,0.5512761473655701
2019_1414_1458,0.5991899371147156
2019_1414_1459,0.4391361474990845
2019_1414_1463,0.6535847783088684
2019_1416_1429,0.351573646068573
2019_1416_1433,0.45282861590385437
2019_1416_1436,0.350999653339386
2019_1416_1437,0.45102667808532715
2019_1416_1438,0.23581348359584808
2019_1416_1439,0.425125390291214
2019_1416_1449,0.43298274278640747
2019_1416_1458,0.4757622182369232
2019_1416_1459,0.3737056851387024
2019_1416_1463,0.5618217587471008
2019_1429_1433,0.6204912662506104
2019_1429_1436,0.4975263476371765
2019_1429_1437,0.6221792101860046
2019_1429_1438,0.34081315994262695
2019_1429_1439,0.5906501412391663
2019_1429_1449,0.5989319682121277
2019_1429_1458,0.6593499779701233
2019_1429_1459,0.5027276277542114
2019_1429_1463,0.6977396011352539
2019_1433_1436,0.36706170439720154
2019_1433_1437,0.4733794331550598
2019_1433_1438,0.2505227327346802
2019_1433_1439,0.44882121682167053
2019_1433_1449,0.4495883882045746
2019_1433_1458,0.508244514465332
2019_1433_1459,0.38119029998779297
2019_1433_1463,0.5700598955154419
2019_1436_1437,0.615898847579956
2019_1436_1438,0.34072762727737427
2019_1436_1439,0.5838506817817688
2019_1436_1449,0.5938213467597961
2019_1436_1458,0.6534572243690491
2019_1436_1459,0.49775969982147217
2019_1436_1463,0.703726053237915
2019_1437_1438,0.2545064091682434
2019_1437_1439,0.4590508043766022
2019_1437_1449,0.4616723358631134
2019_1437_1458,0.5247326493263245
2019_1437_1459,0.3837692439556122
2019_1437_1463,0.5739441514015198
2019_1438_1439,0.7386224865913391
2019_1438_1449,0.7429209351539612
2019_1438_1458,0.786472737789154
2019_1438_1459,0.6799516081809998
2019_1438_1463,0.8136740922927856
2019_1439_1449,0.4909799098968506
2019_1439_1458,0.5664417147636414
2019_1439_1459,0.4113408327102661
2019_1439_1463,0.6073216199874878
2019_1449_1458,0.5507326126098633
2019_1449_1459,0.39556989073753357
2019_1449_1463,0.5955072641372681
2019_1458_1459,0.3636413514614105
2019_1458_1463,0.5510038733482361
2019_1459_1463,0.685936450958252
